{
  "openapi": "3.0.0",
  "info": {
    "version": "0.7",
    "title": "BUK Store",
    "description": "This document presents the details of each endpoint used to perform requests in the BUK Store main server."
  },
  "servers": [
    {
      "url": "https://buk-store.herokuapp.com/api/v1",
      "description": "Main Server"
    }
  ],
  "tags": [
    {
      "name": "Book",
      "description": "Book related endpoints"
    },
    {
      "name": "Event",
      "description": "Event related endpoints"
    },
    {
      "name": "Author",
      "description": "Author related endpoints"
    },
    {
      "name": "Theme",
      "description": "Theme related endpoints"
    },
    {
      "name": "Genre",
      "description": "Genre related endpoints"
    },
    {
      "name": "User",
      "description": "User related operations"
    },
    {
      "name": "Cart",
      "description": "Operation related to the user's cart"
    },
    {
      "name": "Reservation",
      "description": "Operation related to the user's reservation"
    },
    {
      "name": "Others",
      "description": "Endpoints related to generic pages or generic elements"
    }
  ],
  "paths": {
    "/page": {
      "get": {
        "summary": "It retrieves the articles present in one specific page",
        "description": "Use this endpoint to retrieve the articles present in one specific page",
        "tags": [
          "Others"
        ],
        "parameters": [
          {
            "$ref": "#/components/parameters/pageName"
          }
        ],
        "responses": {
          "200": {
            "description": "Successful Request",
            "content": {
              "application/json": {
                "schema": {
                  "$ref": "#/components/schemas/GenericPage"
                }
              }
            }
          },
          "400": {
            "$ref": "#/components/responses/BadRequest"
          },
          "404": {
            "$ref": "#/components/responses/NotFound"
          },
          "500": {
            "$ref": "#/components/responses/InternalError"
          }
        }
      }
    },
    "/homeCarouselElements": {
      "get": {
        "summary": "Retrieves the elements to be shown in the home page carousel",
        "description": "Use this endpoint to retrieve the elements which the website administrators want to show in the home page of the BUK Store",
        "tags": [
          "Others"
        ],
        "responses": {
          "200": {
            "description": "Successful Request",
            "content": {
              "application/json": {
                "schema": {
                  "type": "array",
                  "items": {
                    "$ref": "#/components/schemas/HomeCarouselObject"
                  }
                }
              }
            }
          },
          "404": {
            "$ref": "#/components/responses/NotFound"
          },
          "500": {
            "$ref": "#/components/responses/InternalError"
          }
        }
      }
    },
    "/favouriteReadings": {
      "get": {
        "summary": "Get the favourite readings of BUK Store",
        "description": "Use this endpoint to retrieve the favourite readings selected by the BUK Store stagg",
        "tags": [
          "Others"
        ],
        "responses": {
          "200": {
            "description": "Successful Request",
            "content": {
              "application/json": {
                "schema": {
                  "type": "array",
                  "items": {
                    "$ref": "#/components/schemas/Book"
                  }
                }
              }
            }
          },
          "500": {
            "$ref": "#/components/responses/InternalError"
          }
        }
      }
    },
    "/books": {
      "get": {
        "summary": "It retrieves the books present in the Database",
        "description": "Use this endpoint to know the books inside the application",
        "tags": [
          "Book"
        ],
        "parameters": [
          {
            "$ref": "#/components/parameters/limit"
          },
          {
            "$ref": "#/components/parameters/offset"
          },
          {
            "$ref": "#/components/parameters/title"
          },
          {
            "$ref": "#/components/parameters/genreID"
          },
          {
            "$ref": "#/components/parameters/themeID"
          }
        ],
        "responses": {
          "200": {
            "description": "Successful Request",
            "content": {
              "application/json": {
                "schema": {
                  "type": "array",
                  "items": {
                    "type": "object",
                    "properties": {
                      "ISBN": {
                        "$ref": "#/components/schemas/Book/properties/ISBN"
                      },
                      "title": {
                        "$ref": "#/components/schemas/Book/properties/title"
                      }
                    }
                  }
                }
              }
            }
          },
          "400": {
            "$ref": "#/components/responses/BadRequest"
          },
          "500": {
            "$ref": "#/components/responses/InternalError"
          }
        }
      }
    },
    "/books/{ISBN}": {
      "get": {
        "summary": "It retrieves the specified book",
        "description": "Use this endpoint to retrieve the information about **_ISBN_**",
        "tags": [
          "Book"
        ],
        "parameters": [
          {
            "name": "ISBN",
            "in": "path",
            "description": "The identifier of the book",
            "required": true,
            "schema": {
              "$ref": "#/components/schemas/Book/properties/ISBN"
            }
          }
        ],
        "responses": {
          "200": {
            "description": "Successful Request",
            "content": {
              "application/json": {
                "schema": {
                  "$ref": "#/components/schemas/Book"
                }
              }
            }
          },
          "400": {
            "$ref": "#/components/responses/BadRequest"
          },
          "404": {
            "$ref": "#/components/responses/NotFound"
          },
          "500": {
            "$ref": "#/components/responses/InternalError"
          }
        }
      }
    },
    "/books/{ISBN}/authors": {
      "get": {
        "summary": "It retrieves the authors of the specified book",
        "description": "Use this endpoint to retrieve the authors' identifiers of **_ISBN_**",
        "tags": [
          "Book"
        ],
        "parameters": [
          {
            "name": "ISBN",
            "in": "path",
            "description": "The identifier of the book",
            "required": true,
            "schema": {
              "$ref": "#/components/schemas/Book/properties/ISBN"
            }
          }
        ],
        "responses": {
          "200": {
            "description": "Successful Request",
            "content": {
              "application/json": {
                "schema": {
                  "type": "array",
                  "items": {
                    "type": "object",
                    "properties": {
                      "authorID": {
                        "$ref": "#/components/schemas/Author/properties/authorID"
                      },
                      "name": {
                        "$ref": "#/components/schemas/Author/properties/name"
                      },
                      "surname": {
                        "$ref": "#/components/schemas/Author/properties/surname"
                      }
                    }
                  }
                }
              }
            }
          },
          "400": {
            "$ref": "#/components/responses/BadRequest"
          },
          "404": {
            "$ref": "#/components/responses/NotFound"
          },
          "500": {
            "$ref": "#/components/responses/InternalError"
          }
        }
      }
    },
    "/books/{ISBN}/events": {
      "get": {
        "summary": "It retrieves the events related to the specified book",
        "description": "Use this endpoint to retrieve the identifiers of the events related to **_ISBN_**",
        "tags": [
          "Book"
        ],
        "parameters": [
          {
            "name": "ISBN",
            "in": "path",
            "description": "The identifier of the book",
            "required": true,
            "schema": {
              "$ref": "#/components/schemas/Book/properties/ISBN"
            }
          }
        ],
        "responses": {
          "200": {
            "description": "Successful Request",
            "content": {
              "application/json": {
                "schema": {
                  "type": "array",
                  "items": {
                    "type": "object",
                    "properties": {
                      "eventID": {
                        "$ref": "#/components/schemas/Event/properties/eventID"
                      },
                      "title": {
                        "$ref": "#/components/schemas/Event/properties/title"
                      }
                    }
                  }
                }
              }
            }
          },
          "400": {
            "$ref": "#/components/responses/BadRequest"
          },
          "404": {
            "$ref": "#/components/responses/NotFound"
          },
          "500": {
            "$ref": "#/components/responses/InternalError"
          }
        }
      }
    },
    "/books/{ISBN}/similarBooks": {
      "get": {
        "summary": "It retrieves the books similar to the specified book",
        "description": "Use this endpoint to retrieve the identifier of the books similar to **_ISBN_**",
        "tags": [
          "Book"
        ],
        "parameters": [
          {
            "name": "ISBN",
            "in": "path",
            "description": "The identifier of the book",
            "required": true,
            "schema": {
              "$ref": "#/components/schemas/Book/properties/ISBN"
            }
          }
        ],
        "responses": {
          "200": {
            "description": "Successful Request",
            "content": {
              "application/json": {
                "schema": {
                  "type": "array",
                  "items": {
                    "type": "object",
                    "properties": {
                      "ISBN": {
                        "$ref": "#/components/schemas/Book/properties/ISBN"
                      }
                    }
                  }
                }
              }
            }
          },
          "400": {
            "$ref": "#/components/responses/BadRequest"
          },
          "404": {
            "$ref": "#/components/responses/NotFound"
          },
          "500": {
            "$ref": "#/components/responses/InternalError"
          }
        }
      }
    },
    "/books/{ISBN}/reviews": {
      "get": {
        "summary": "It retrieves the reviews of the specified book",
        "description": "Use this endpoint to download the reviews related to **_ISBN_**",
        "tags": [
          "Book"
        ],
        "parameters": [
          {
            "name": "ISBN",
            "in": "path",
            "description": "The identifier of the book",
            "required": true,
            "schema": {
              "$ref": "#/components/schemas/Book/properties/ISBN"
            }
          }
        ],
        "responses": {
          "200": {
            "description": "Successful Request",
            "content": {
              "application/json": {
                "schema": {
                  "type": "array",
                  "items": {
                    "$ref": "#/components/schemas/Review"
                  }
                }
              }
            }
          },
          "400": {
            "$ref": "#/components/responses/BadRequest"
          },
          "404": {
            "$ref": "#/components/responses/NotFound"
          },
          "500": {
            "$ref": "#/components/responses/InternalError"
          }
        }
      }
    },
    "/books/bestSellers": {
      "get": {
        "summary": "Download the most sold books of the Buk Store",
        "description": "Access to this endpoint to retrieve the identifiers of the book most purchased by the customers",
        "tags": [
          "Book"
        ],
        "parameters": [
          {
            "$ref": "#/components/parameters/limit"
          },
          {
            "$ref": "#/components/parameters/fromDate"
          },
          {
            "$ref": "#/components/parameters/toDate"
          }
        ],
        "responses": {
          "200": {
            "description": "Successful Request",
            "content": {
              "application/json": {
                "schema": {
                  "type": "array",
                  "items": {
                    "type": "object",
                    "properties": {
                      "ISBN": {
                        "$ref": "#/components/schemas/Book/properties/ISBN"
                      },
                      "title": {
                        "$ref": "#/components/schemas/Book/properties/title"
                      },
                      "booksSold": {
                        "description": "Qunatity of books solded in the given period",
                        "example": 14
                      }
                    }
                  }
                }
              }
            }
          },
          "400": {
            "$ref": "#/components/responses/BadRequest"
          },
          "500": {
            "$ref": "#/components/responses/InternalError"
          }
        }
      }
    },
    "/events": {
      "get": {
        "summary": "It retrieves the events present in the Database",
        "description": "Use this endpoint to know the scheduled events' identifiers",
        "tags": [
          "Event"
        ],
        "parameters": [
          {
            "$ref": "#/components/parameters/fromDate"
          },
          {
            "$ref": "#/components/parameters/toDate"
          }
        ],
        "responses": {
          "200": {
            "description": "Successful Request",
            "content": {
              "application/json": {
                "schema": {
                  "type": "array",
                  "items": {
                    "type": "object",
                    "properties": {
                      "eventID": {
                        "$ref": "#/components/schemas/Event/properties/eventID"
                      },
                      "title": {
                        "$ref": "#/components/schemas/Event/properties/title"
                      }
                    }
                  }
                }
              }
            }
          },
          "400": {
            "$ref": "#/components/responses/BadRequest"
          },
          "500": {
            "$ref": "#/components/responses/InternalError"
          }
        }
      }
    },
    "/events/{eventID}": {
      "get": {
        "summary": "It retrieves the information about the event",
        "description": "Use this endpoint to retrieve useful information about **_eventID_**",
        "tags": [
          "Event"
        ],
        "parameters": [
          {
            "name": "eventID",
            "in": "path",
            "description": "The identifier of the event",
            "required": true,
            "schema": {
              "$ref": "#/components/schemas/Event/properties/eventID"
            }
          }
        ],
        "responses": {
          "200": {
            "description": "Successful Request",
            "content": {
              "application/json": {
                "schema": {
                  "$ref": "#/components/schemas/Event"
                }
              }
            }
          },
          "400": {
            "$ref": "#/components/responses/BadRequest"
          },
          "404": {
            "$ref": "#/components/responses/NotFound"
          },
          "500": {
            "$ref": "#/components/responses/InternalError"
          }
        }
      }
    },
    "/events/{eventID}/book": {
      "get": {
        "summary": "It retrieves the information about the book shown at that event",
        "description": "Use this endpoint to retrieve the actual book presented during  **_eventID_**",
        "tags": [
          "Event"
        ],
        "parameters": [
          {
            "name": "eventID",
            "in": "path",
            "description": "The identifier of the event",
            "required": true,
            "schema": {
              "$ref": "#/components/schemas/Event/properties/eventID"
            }
          }
        ],
        "responses": {
          "200": {
            "description": "Successful Request",
            "content": {
              "application/json": {
                "schema": {
                  "$ref": "#/components/schemas/Book"
                }
              }
            }
          },
          "400": {
            "$ref": "#/components/responses/BadRequest"
          },
          "404": {
            "$ref": "#/components/responses/NotFound"
          },
          "500": {
            "$ref": "#/components/responses/InternalError"
          }
        }
      }
    },
    "/authors": {
      "get": {
        "summary": "It retrieves the authors present in the Database",
        "description": "Use this endpoint to know the authors' identifiers stored in the application",
        "tags": [
          "Author"
        ],
        "parameters": [
          {
            "$ref": "#/components/parameters/limit"
          },
          {
            "$ref": "#/components/parameters/offset"
          }
        ],
        "responses": {
          "200": {
            "description": "Successful Request",
            "content": {
              "application/json": {
                "schema": {
                  "type": "array",
                  "items": {
                    "type": "object",
                    "properties": {
                      "authorID": {
                        "$ref": "#/components/schemas/Author/properties/authorID"
                      },
                      "name": {
                        "$ref": "#/components/schemas/Author/properties/name"
                      },
                      "surname": {
                        "$ref": "#/components/schemas/Author/properties/surname"
                      }
                    }
                  }
                }
              }
            }
          },
          "400": {
            "$ref": "#/components/responses/BadRequest"
          },
          "500": {
            "$ref": "#/components/responses/InternalError"
          }
        }
      }
    },
    "/authors/{authorID}": {
      "get": {
        "summary": "It retrieves the information about a specific author",
        "description": "Use this endpoint to retrieve useful information about the author associated to **_authorID_**",
        "tags": [
          "Author"
        ],
        "parameters": [
          {
            "name": "authorID",
            "in": "path",
            "description": "The identifier of the Author",
            "required": true,
            "schema": {
              "$ref": "#/components/schemas/Author/properties/authorID"
            }
          }
        ],
        "responses": {
          "200": {
            "description": "Successful Request",
            "content": {
              "application/json": {
                "schema": {
                  "$ref": "#/components/schemas/Author"
                }
              }
            }
          },
          "400": {
            "$ref": "#/components/responses/BadRequest"
          },
          "404": {
            "$ref": "#/components/responses/NotFound"
          },
          "500": {
            "$ref": "#/components/responses/InternalError"
          }
        }
      }
    },
    "/authors/{authorID}/books": {
      "get": {
        "summary": "It retrieves the information about the books written by a specific author",
        "description": "Use this endpoint to retrieve the identifier of the books written by **_authorID_**",
        "tags": [
          "Author"
        ],
        "parameters": [
          {
            "$ref": "#/components/parameters/limit"
          },
          {
            "$ref": "#/components/parameters/offset"
          },
          {
            "name": "authorID",
            "in": "path",
            "description": "The identifier of the Author",
            "required": true,
            "schema": {
              "$ref": "#/components/schemas/Author/properties/authorID"
            }
          }
        ],
        "responses": {
          "200": {
            "description": "Successful Request",
            "content": {
              "application/json": {
                "schema": {
                  "type": "object",
                  "properties": {
                    "ISBN": {
                      "$ref": "#/components/schemas/Book/properties/ISBN"
                    }
                  }
                }
              }
            }
          },
          "400": {
            "$ref": "#/components/responses/BadRequest"
          },
          "404": {
            "$ref": "#/components/responses/NotFound"
          },
          "500": {
            "$ref": "#/components/responses/InternalError"
          }
        }
      }
    },
    "/themes": {
      "get": {
        "summary": "Retrieves the books' themes from the Database",
        "description": "Use this endpoint to know which are the themes identifier inside the application",
        "tags": [
          "Theme"
        ],
        "parameters": [
          {
            "$ref": "#/components/parameters/limit"
          },
          {
            "$ref": "#/components/parameters/offset"
          }
        ],
        "responses": {
          "200": {
            "description": "Successful Request",
            "content": {
              "application/json": {
                "schema": {
                  "type": "array",
                  "items": {
                    "type": "object",
                    "properties": {
                      "themeID": {
                        "$ref": "#/components/schemas/Theme/properties/themeID"
                      },
                      "title": {
                        "$ref": "#/components/schemas/Theme/properties/title"
                      }
                    }
                  }
                }
              }
            }
          },
          "400": {
            "$ref": "#/components/responses/BadRequest"
          },
          "500": {
            "$ref": "#/components/responses/InternalError"
          }
        }
      }
    },
    "/themes/{themeID}": {
      "get": {
        "summary": "It retrieves the information about the chosen theme",
        "description": "Use this endpoint to retrieve information about **_themeID_**",
        "tags": [
          "Theme"
        ],
        "parameters": [
          {
            "name": "themeID",
            "in": "path",
            "description": "The identifier of the Theme",
            "required": true,
            "schema": {
              "$ref": "#/components/schemas/Theme/properties/themeID"
            }
          }
        ],
        "responses": {
          "200": {
            "description": "Successful Request",
            "content": {
              "application/json": {
                "schema": {
                  "$ref": "#/components/schemas/Theme"
                }
              }
            }
          },
          "400": {
            "$ref": "#/components/responses/BadRequest"
          },
          "404": {
            "$ref": "#/components/responses/NotFound"
          },
          "500": {
            "$ref": "#/components/responses/InternalError"
          }
        }
      }
    },
    "/themes/{themeID}/books": {
      "get": {
        "summary": "It retrieves the information about the books associated to a specific theme",
        "description": "Use this endpoint to retrieve the identifier of the books associated to **_themeID_**",
        "tags": [
          "Theme"
        ],
        "parameters": [
          {
            "$ref": "#/components/parameters/limit"
          },
          {
            "$ref": "#/components/parameters/offset"
          },
          {
            "name": "themeID",
            "in": "path",
            "description": "The identifier of the Theme",
            "required": true,
            "schema": {
              "$ref": "#/components/schemas/Theme/properties/themeID"
            }
          }
        ],
        "responses": {
          "200": {
            "description": "Successful Request",
            "content": {
              "application/json": {
                "schema": {
                  "type": "array",
                  "items": {
                    "type": "object",
                    "properties": {
                      "ISBN": {
                        "$ref": "#/components/schemas/Book/properties/ISBN"
                      },
                      "title": {
                        "$ref": "#/components/schemas/Book/properties/title"
                      }
                    }
                  }
                }
              }
            }
          },
          "400": {
            "$ref": "#/components/responses/BadRequest"
          },
          "404": {
            "$ref": "#/components/responses/NotFound"
          },
          "500": {
            "$ref": "#/components/responses/InternalError"
          }
        }
      }
    },
    "/themes/{themeID}/genres": {
      "get": {
        "summary": "It retrieves the genres related to a single theme",
        "description": "Use this endpoint to identify the genres related to the **_themeID_** given",
        "tags": [
          "Theme"
        ],
        "parameters": [
          {
            "name": "themeID",
            "in": "path",
            "description": "The identifier of the Theme",
            "required": true,
            "schema": {
              "$ref": "#/components/schemas/Theme/properties/themeID"
            }
          }
        ],
        "responses": {
          "200": {
            "description": "Successful Request",
            "content": {
              "application/json": {
                "schema": {
                  "type": "array",
                  "items": {
                    "type": "object",
                    "properties": {
                      "genreID": {
                        "$ref": "#/components/schemas/Genre/properties/genreID"
                      },
                      "title": {
                        "$ref": "#/components/schemas/Genre/properties/title"
                      }
                    }
                  }
                }
              }
            }
          },
          "400": {
            "$ref": "#/components/responses/BadRequest"
          },
          "404": {
            "$ref": "#/components/responses/NotFound"
          },
          "500": {
            "$ref": "#/components/responses/InternalError"
          }
        }
      }
    },
    "/mainGenres": {
      "get": {
        "summary": "Retrieves the main genres stored in the database",
        "description": "Use this endpoint to retrieve the main literary genres in the database",
        "tags": [
          "Genre"
        ],
        "parameters": [
          {
            "$ref": "#/components/parameters/limit"
          },
          {
            "$ref": "#/components/parameters/offset"
          }
        ],
        "responses": {
          "200": {
            "description": "Successful Request",
            "content": {
              "application/json": {
                "schema": {
                  "type": "array",
                  "items": {
                    "$ref": "#/components/schemas/MainGenre"
                  }
                }
              }
            }
          },
          "400": {
            "$ref": "#/components/responses/BadRequest"
          },
          "500": {
            "$ref": "#/components/responses/InternalError"
          }
        }
      }
    },
    "/mainGenres/{mainGenreID}": {
      "get": {
        "summary": "Retrieves information about the given mainGenreID",
        "description": "Use this endpoint to know the information about a specific mainGenre",
        "tags": [
          "Genre"
        ],
        "parameters": [
          {
            "name": "mainGenreID",
            "in": "path",
            "description": "The identifier of the main genre",
            "required": true,
            "schema": {
              "$ref": "#/components/schemas/MainGenre/properties/mainGenreID"
            }
          }
        ],
        "responses": {
          "200": {
            "description": "Successful Request",
            "content": {
              "application/json": {
                "schema": {
                  "$ref": "#/components/schemas/MainGenre"
                }
              }
            }
          },
          "400": {
            "$ref": "#/components/responses/BadRequest"
          },
          "404": {
            "$ref": "#/components/responses/NotFound"
          },
          "500": {
            "$ref": "#/components/responses/InternalError"
          }
        }
      }
    },
    "/mainGenres/{mainGenreID}/genres": {
      "get": {
        "summary": "Retrieves the genres related to the specific main genre",
        "description": "Use this endpoint to retrieve the genres related to the main genre",
        "tags": [
          "Genre"
        ],
        "parameters": [
          {
            "name": "mainGenreID",
            "in": "path",
            "description": "The identifier of the main genre",
            "required": true,
            "schema": {
              "$ref": "#/components/schemas/MainGenre/properties/mainGenreID"
            }
          }
        ],
        "responses": {
          "200": {
            "description": "Successful request",
            "content": {
              "application/json": {
                "schema": {
                  "type": "array",
                  "items": {
                    "type": "object",
                    "properties": {
                      "genreID": {
                        "$ref": "#/components/schemas/Genre/properties/genreID"
                      },
                      "title": {
                        "$ref": "#/components/schemas/Genre/properties/title"
                      }
                    }
                  }
                }
              }
            }
          },
          "400": {
            "$ref": "#/components/responses/BadRequest"
          },
          "500": {
            "$ref": "#/components/responses/InternalError"
          }
        }
      }
    },
    "/genres": {
      "get": {
        "summary": "Retrieves the genres of the books stored inside the application",
        "description": "Use this endpoint to retrieve the genres identifier inside the application",
        "tags": [
          "Genre"
        ],
        "parameters": [
          {
            "$ref": "#/components/parameters/limit"
          },
          {
            "$ref": "#/components/parameters/offset"
          }
        ],
        "responses": {
          "200": {
            "description": "Successful Request",
            "content": {
              "application/json": {
                "schema": {
                  "type": "array",
                  "items": {
                    "type": "object",
                    "properties": {
                      "genreID": {
                        "$ref": "#/components/schemas/Genre/properties/genreID"
                      },
                      "title": {
                        "$ref": "#/components/schemas/Genre/properties/title"
                      }
                    }
                  }
                }
              }
            }
          },
          "400": {
            "$ref": "#/components/responses/BadRequest"
          },
          "500": {
            "$ref": "#/components/responses/InternalError"
          }
        }
      }
    },
    "/genres/{genreID}": {
      "get": {
        "summary": "Get the information about the desired genre",
        "description": "Use this endpoint to retrieve information about **_genreID_**",
        "tags": [
          "Genre"
        ],
        "parameters": [
          {
            "name": "genreID",
            "in": "path",
            "description": "The identifier of the Genre",
            "required": true,
            "schema": {
              "$ref": "#/components/schemas/Genre/properties/genreID"
            }
          }
        ],
        "responses": {
          "200": {
            "description": "Successful Request",
            "content": {
              "application/json": {
                "schema": {
                  "$ref": "#/components/schemas/Genre"
                }
              }
            }
          },
          "400": {
            "$ref": "#/components/responses/BadRequest"
          },
          "404": {
            "$ref": "#/components/responses/NotFound"
          },
          "500": {
            "$ref": "#/components/responses/InternalError"
          }
        }
      }
    },
    "/genres/{genreID}/books": {
      "get": {
        "summary": "It retrieves the information about the books associated to a specified genre",
        "description": "Use this endpoint to retrieve the identifier of the books associated to **_genreID_**",
        "tags": [
          "Genre"
        ],
        "parameters": [
          {
            "$ref": "#/components/parameters/limit"
          },
          {
            "$ref": "#/components/parameters/offset"
          },
          {
            "name": "genreID",
            "in": "path",
            "description": "The identifier of the Genre",
            "required": true,
            "schema": {
              "$ref": "#/components/schemas/Genre/properties/genreID"
            }
          }
        ],
        "responses": {
          "200": {
            "description": "Successful Request",
            "content": {
              "application/json": {
                "schema": {
                  "type": "array",
                  "items": {
                    "type": "object",
                    "properties": {
                      "ISBN": {
                        "$ref": "#/components/schemas/Book/properties/ISBN"
                      },
                      "title": {
                        "$ref": "#/components/schemas/Book/properties/title"
                      }
                    }
                  }
                }
              }
            }
          },
          "400": {
            "$ref": "#/components/responses/BadRequest"
          },
          "404": {
            "$ref": "#/components/responses/NotFound"
          },
          "500": {
            "$ref": "#/components/responses/InternalError"
          }
        }
      }
    },
    "/genres/{genreID}/themes": {
      "get": {
        "summary": "It retrieves the themes associated to a specific genre",
        "description": "Use this endpoint to retrieve the identifier of the themes associated to **_genreID_**",
        "tags": [
          "Genre"
        ],
        "parameters": [
          {
            "name": "genreID",
            "in": "path",
            "description": "The identifier of the Genre",
            "required": true,
            "schema": {
              "$ref": "#/components/schemas/Genre/properties/genreID"
            }
          }
        ],
        "responses": {
          "200": {
            "description": "Successful Request",
            "content": {
              "application/json": {
                "schema": {
                  "type": "array",
                  "items": {
                    "type": "object",
                    "properties": {
                      "themeID": {
                        "$ref": "#/components/schemas/Theme/properties/themeID"
                      },
                      "title": {
                        "$ref": "#/components/schemas/Theme/properties/title"
                      }
                    }
                  }
                }
              }
            }
          },
          "400": {
            "$ref": "#/components/responses/BadRequest"
          },
          "404": {
            "$ref": "#/components/responses/NotFound"
          },
          "500": {
            "$ref": "#/components/responses/InternalError"
          }
        }
      }
    },
    "/signup": {
      "post": {
        "summary": "Endpoint used to register a new user",
        "description": "Access to this endpoint to register a new user inside the application, passing as body his/her parameters",
        "tags": [
          "User"
        ],
        "requestBody": {
          "$ref": "#/components/requestBodies/signupBody"
        },
        "responses": {
          "201": {
            "description": "Created",
            "content": {
              "application/json": {
                "schema": {
                  "type": "object",
                  "properties": {
                    "statusCode": {
                      "type": "integer",
                      "description": "The http status code of the request",
                      "example": 201
                    },
                    "description": {
                      "type": "string",
                      "description": "A description of the response",
                      "example": "User registered properly"
                    }
                  }
                }
              }
            }
          },
          "400": {
            "$ref": "#/components/responses/BadRequest"
          },
          "409": {
            "$ref": "#/components/responses/Conflict"
          },
          "500": {
            "$ref": "#/components/responses/InternalError"
          }
        }
      }
    },
    "/activation/{activationToken}": {
      "get": {
        "summary": "Endpoint used to register a new user",
        "description": "Access to this endpoint to activate a new user once the user is registered",
        "tags": [
          "User"
        ],
        "parameters": [
          {
            "name": "activationToken",
            "in": "path",
            "description": "The token sent by email to the user",
            "required": true,
            "schema": {
              "type": "string"
            }
          }
        ],
        "responses": {
          "200": {
            "description": "Successful Request",
            "content": {
              "application/json": {
                "schema": {
                  "type": "object",
                  "properties": {
                    "statusCode": {
                      "type": "integer",
                      "description": "The http status code of the request",
                      "example": 200
                    },
                    "description": {
                      "type": "string",
                      "description": "A description of the response",
                      "example": "User Activated"
                    }
                  }
                }
              }
            }
          },
          "400": {
            "$ref": "#/components/responses/BadRequest"
          },
          "500": {
            "$ref": "#/components/responses/InternalError"
          }
        }
      }
    },
    "/login": {
      "post": {
        "summary": "Endpoint used to login inside the Buk Store application",
        "description": "Pass to this endpoint the email and the password to log in the application after he/she completed the activation phase",
        "tags": [
          "User"
        ],
        "requestBody": {
          "$ref": "#/components/requestBodies/loginBody"
        },
        "responses": {
          "200": {
            "description": "Successful Request",
            "content": {
              "application/json": {
                "schema": {
                  "type": "object",
                  "properties": {
                    "token": {
                      "type": "string",
                      "description": "The access token to use the locked endpoints",
                      "example": "a26aa2ef2c11814d39fc17295c713f6f7c86f46b698c1641cbe9970877ef7043"
                    },
                    "user": {
                      "$ref": "#/components/schemas/User"
                    }
                  }
                }
              }
            }
          },
          "400": {
            "$ref": "#/components/responses/BadRequest"
          },
          "401": {
            "$ref": "#/components/responses/NotAuth"
          },
          "500": {
            "$ref": "#/components/responses/InternalError"
          }
        }
      }
    },
    "/logout": {
      "get": {
        "summary": "Endpoint used to logout the user",
        "description": "Use this route to logout a user which is currently logged in the system",
        "tags": [
          "User"
        ],
        "security": [
          {
            "user_auth": []
          }
        ],
        "responses": {
          "200": {
            "description": "Successful Request",
            "content": {
              "application/json": {
                "schema": {
                  "type": "object",
                  "properties": {
                    "statusCode": {
                      "type": "integer",
                      "description": "The HTTP status code of the request made",
                      "example": 200
                    },
                    "description": {
                      "type": "string",
                      "example": "User logged out",
                      "description": "A description of the error"
                    }
                  }
                }
              }
            }
          },
          "401": {
            "$ref": "#/components/responses/NotAuth"
          },
          "500": {
            "$ref": "#/components/responses/InternalError"
          }
        }
      }
    },
    "/me": {
      "get": {
        "summary": "Access to this endpoint to retrieve the user's information",
        "description": "Make a request to this endpoint to retrieve the information of the user which is actually logged in",
        "tags": [
          "User"
        ],
        "security": [
          {
            "user_auth": []
          }
        ],
        "responses": {
          "200": {
            "description": "Successful Request",
            "content": {
              "application/json": {
                "schema": {
                  "$ref": "#/components/schemas/User"
                }
              }
            }
          },
          "400": {
            "$ref": "#/components/responses/BadRequest"
          },
          "401": {
            "$ref": "#/components/responses/NotAuth"
          },
          "500": {
            "$ref": "#/components/responses/InternalError"
          }
        }
      },
      "put": {
        "summary": "Access to this endpoint to change the user's information",
        "description": "Make a request to this endpoint to change the information of the user which is actually logged in",
        "tags": [
          "User"
        ],
        "security": [
          {
            "user_auth": []
          }
        ],
        "requestBody": {
          "$ref": "#/components/requestBodies/signupBody"
        },
        "responses": {
          "200": {
            "description": "Successful Request",
            "content": {
              "application/json": {
                "schema": {
                  "$ref": "#/components/schemas/User"
                }
              }
            }
          },
          "400": {
            "$ref": "#/components/responses/BadRequest"
          },
          "401": {
            "$ref": "#/components/responses/NotAuth"
          },
          "409": {
            "$ref": "#/components/responses/Conflict"
          },
          "500": {
            "$ref": "#/components/responses/InternalError"
          }
        }
      }
    },
    "/me/cart": {
      "get": {
        "summary": "Access to this endpoint to retrieve the user's cart",
        "description": "Send a request here to retrieve the information about the cart of the logged user",
        "tags": [
          "Cart"
        ],
        "security": [
          {
            "user_auth": []
          }
        ],
        "responses": {
          "200": {
            "description": "Successful Request",
            "content": {
              "application/json": {
                "schema": {
                  "$ref": "#/components/schemas/Cart"
                }
              }
            }
          },
          "400": {
            "$ref": "#/components/responses/BadRequest"
          },
          "401": {
            "$ref": "#/components/responses/NotAuth"
          },
          "500": {
            "$ref": "#/components/responses/InternalError"
          }
        }
      },
      "post": {
        "summary": "Add a new book to the user's cart",
        "description": "Send the book identifier and the quantity to this endpoint in order to add the new book to the cart",
        "tags": [
          "Cart"
        ],
        "security": [
          {
            "user_auth": []
          }
        ],
        "requestBody": {
          "$ref": "#/components/requestBodies/cartBody"
        },
        "responses": {
          "200": {
            "description": "Successful Request",
            "content": {
              "application/json": {
                "schema": {
                  "$ref": "#/components/schemas/Cart"
                }
              }
            }
          },
          "400": {
            "$ref": "#/components/responses/BadRequest"
          },
          "401": {
            "$ref": "#/components/responses/NotAuth"
          },
          "500": {
            "$ref": "#/components/responses/InternalError"
          }
        }
      },
      "put": {
        "summary": "Change the quantity of the specified book",
        "description": "Send the book identifier and the new quantity to this endpoint in order to change the number of book inside the user's cart",
        "tags": [
          "Cart"
        ],
        "security": [
          {
            "user_auth": []
          }
        ],
        "requestBody": {
          "$ref": "#/components/requestBodies/cartBody"
        },
        "responses": {
          "200": {
            "description": "Successful Request",
            "content": {
              "application/json": {
                "schema": {
                  "$ref": "#/components/schemas/Cart"
                }
              }
            }
          },
          "400": {
            "$ref": "#/components/responses/BadRequest"
          },
          "401": {
            "$ref": "#/components/responses/NotAuth"
          },
          "500": {
            "$ref": "#/components/responses/InternalError"
          }
        }
      },
      "delete": {
        "summary": "Delete the specified book from the user's cart",
        "description": "Send the book identifier in order to delete that book from the logged in user cart",
        "tags": [
          "Cart"
        ],
        "security": [
          {
            "user_auth": []
          }
        ],
        "parameters": [
          {
            "$ref": "#/components/parameters/ISBN"
          }
        ],
        "responses": {
          "200": {
            "description": "Successful Request",
            "content": {
              "application/json": {
                "schema": {
                  "$ref": "#/components/schemas/Cart"
                }
              }
            }
          },
          "400": {
            "$ref": "#/components/responses/BadRequest"
          },
          "401": {
            "$ref": "#/components/responses/NotAuth"
          },
          "500": {
            "$ref": "#/components/responses/InternalError"
          }
        }
      }
    },
    "/me/reservations": {
      "get": {
        "summary": "Access to this endpoint to retrieve the user's reservations",
        "description": "Send a request here to retrieve the information about the reservations of the logged user",
        "tags": [
          "Reservation"
        ],
        "security": [
          {
            "user_auth": []
          }
        ],
        "responses": {
          "200": {
            "description": "Successful Request",
            "content": {
              "application/json": {
                "schema": {
                  "$ref": "#/components/schemas/Reservation"
                }
              }
            }
          },
          "400": {
            "$ref": "#/components/responses/BadRequest"
          },
          "401": {
            "$ref": "#/components/responses/NotAuth"
          },
          "500": {
            "$ref": "#/components/responses/InternalError"
          }
        }
      },
      "post": {
        "summary": "Create a new reservation starting from the user's cart",
        "description": "Use this endpoint to create a new order for the user taking the books from his/hers cart",
        "tags": [
          "Reservation"
        ],
        "security": [
          {
            "user_auth": []
          }
        ],
        "requestBody": {
          "$ref": "#/components/requestBodies/reservationBody"
        },
        "responses": {
          "200": {
            "description": "Successful Request",
            "content": {
              "application/json": {
                "schema": {
                  "$ref": "#/components/schemas/Reservation"
                }
              }
            }
          },
          "400": {
            "$ref": "#/components/responses/BadRequest"
          },
          "401": {
            "$ref": "#/components/responses/NotAuth"
          },
          "500": {
            "$ref": "#/components/responses/InternalError"
          }
        }
      }
    }
  },
  "components": {
    "securitySchemes": {
      "user_auth": {
        "type": "apiKey",
        "name": "X-API-KEY",
        "in": "cookie"
      }
    },
    "requestBodies": {
      "signupBody": {
        "content": {
          "application/json": {
            "schema": {
              "$ref": "#/components/schemas/User"
            }
          }
        }
      },
      "loginBody": {
        "content": {
          "application/json": {
            "schema": {
              "type": "object",
              "properties": {
                "email": {
                  "$ref": "#/components/schemas/User/properties/email"
                },
                "password": {
                  "$ref": "#/components/schemas/User/properties/password"
                }
              }
            }
          }
        }
      },
      "cartBody": {
        "content": {
          "application/json": {
            "schema": {
              "type": "object",
              "properties": {
                "ISBN": {
                  "$ref": "#/components/schemas/Book/properties/ISBN"
                },
                "quantity": {
                  "$ref": "#/components/schemas/Cart/properties/books/items/properties/quantity"
                }
              }
            }
          }
        }
      },
      "reservationBody": {
        "content": {
          "application/json": {
            "schema": {
              "type": "object",
              "properties": {
                "shippingLocation": {
                  "$ref": "#/components/schemas/Reservation/properties/shippingLocation"
                }
              }
            }
          }
        }
      }
    },
    "parameters": {
      "limit": {
        "name": "limit",
        "in": "query",
        "description": "Limit the get response to the given value, default is 5",
        "schema": {
          "type": "integer"
        }
      },
      "offset": {
        "name": "offset",
        "in": "query",
        "description": "Offset the response for pagination purposes, default is 0",
        "schema": {
          "type": "integer"
        }
      },
      "title": {
        "name": "title",
        "in": "query",
        "description": "The name of the book to search",
        "schema": {
          "type": "string"
        }
      },
      "genreID": {
        "name": "genreID",
        "in": "query",
        "description": "The genre identifier to search",
        "schema": {
          "$ref": "#/components/schemas/Genre/properties/genreID"
        }
      },
      "themeID": {
        "name": "themeID",
        "in": "query",
        "description": "The theme identifier to search",
        "schema": {
          "$ref": "#/components/schemas/Theme/properties/themeID"
        }
      },
      "pageName": {
        "name": "pageName",
        "in": "query",
        "required": true,
        "description": "The name of the page from which retrieves the articles",
        "schema": {
          "$ref": "#/components/schemas/GenericPage/properties/pageName"
        }
      },
      "fromDate": {
        "name": "from",
        "in": "query",
        "description": "The date from which the application starts to search, default value is today. Automatically, it is set up the 00**_h_**:00**_m_**:00**_s_** as starting time to search",
        "schema": {
          "type": "string",
          "format": "date"
        }
      },
      "toDate": {
        "name": "to",
        "in": "query",
        "description": "The final date until to search, default value is today. Automatically, it is set up the 23**_h_**:59**_m_**:59**_s_** as final time to search",
        "schema": {
          "type": "string",
          "format": "date"
        }
      },
      "reservationID": {
        "name": "reservationID",
        "in": "query",
        "required": true,
        "description": "The identifier of the reservation",
        "schema": {
          "$ref": "#/components/schemas/Reservation/properties/reservationID"
        }
      },
      "ISBN": {
        "name": "ISBN",
        "in": "query",
        "required": true,
        "description": "The identifier of the Book",
        "schema": {
          "$ref": "#/components/schemas/Book/properties/ISBN"
        }
      }
    },
    "responses": {
      "NotFound": {
        "description": "Not Found",
        "content": {
          "application/json": {
            "schema": {
              "type": "object",
              "properties": {
                "statusCode": {
                  "type": "integer",
                  "description": "The status code of the HTTP error",
                  "example": 404
                },
                "description": {
                  "type": "string",
                  "description": "A description of the error",
                  "example": "File not found"
                }
              }
            }
          }
        }
      },
      "NotAuth": {
        "description": "Not Authorized",
        "content": {
          "application/json": {
            "schema": {
              "type": "object",
              "properties": {
                "statusCode": {
                  "type": "integer",
                  "description": "The status code of the HTTP error",
                  "example": 401
                },
                "description": {
                  "type": "string",
                  "description": "A description of the error",
                  "example": "The user cannot access to this endpoint"
                }
              }
            }
          }
        }
      },
      "Conflict": {
        "description": "Conflict",
        "content": {
          "application/json": {
            "schema": {
              "type": "object",
              "properties": {
                "statusCode": {
                  "type": "integer",
                  "description": "The status code of the HTTP error",
                  "example": 409
                },
                "description": {
                  "type": "string",
                  "description": "A description of the error",
                  "example": "A user with this email already exists inside the Database"
                }
              }
            }
          }
        }
      },
      "BadRequest": {
        "description": "Bad Request",
        "content": {
          "application/json": {
            "schema": {
              "type": "object",
              "properties": {
                "statusCode": {
                  "type": "integer",
                  "description": "The status code of the HTTP error",
                  "example": 400
                },
                "description": {
                  "type": "string",
                  "description": "A description of the error",
                  "example": "The given parameters are wrong or bad written"
                }
              }
            }
          }
        }
      },
      "InternalError": {
        "description": "Internal Server Error",
        "content": {
          "application/json": {
            "schema": {
              "type": "object",
              "properties": {
                "statusCode": {
                  "type": "integer",
                  "description": "The status code of the HTTP error",
                  "example": 500
                },
                "description": {
                  "type": "string",
                  "description": "A description of the error",
                  "example": "Internal Server Error"
                }
              }
            }
          }
        }
      }
    },
    "schemas": {
      "MainGenre": {
        "type": "object",
        "description": "The object which represents a main genre inside the application",
        "properties": {
          "mainGenreID": {
            "type": "integer",
            "example": 1,
            "readOnly": true
          },
          "title": {
            "type": "string",
            "example": "Novel",
            "readOnly": true
          },
          "picture": {
            "type": "string",
            "example": "/images/mainGenres/novel.jpg"
          }
        }
      },
      "Genre": {
        "type": "object",
        "description": "The object which represents a genre inside the application",
        "properties": {
          "genreID": {
            "type": "integer",
            "description": "The identifier of the Genre",
            "readOnly": true,
            "example": 5
          },
          "title": {
            "type": "string",
            "description": "The title of this Genre",
            "readOnly": true,
            "example": "Thriller"
          },
          "mainGenreID": {
            "type": "integer",
            "description": "The class of Genre to which this one belongs to",
            "readOnly": true,
            "example": 1
          },
          "description": {
            "type": "string",
            "description": "The description of this Genre",
            "readOnly": true,
            "example": "Thriller is a broad genre of literature, film and television, having numerous, often overlapping subgenres. Thrillers are characterized and defined by the moods they elicit, giving viewers heightened feelings of suspense, excitement, surprise, anticipation and anxiety"
          },
          "picture": {
            "type": "string",
            "description": "The path in the server to retrieve the picture representatives of the Genre",
            "readOnly": true,
            "example": "/images/genres/thriller.png"
          }
        }
      },
      "Theme": {
        "type": "object",
        "description": "The object which represents a theme inside the application",
        "properties": {
          "themeID": {
            "type": "integer",
            "description": "The identifier of the Theme",
            "readOnly": true,
            "example": 5
          },
          "title": {
            "type": "string",
            "description": "The title of this Theme",
            "readOnly": true,
            "example": "Crime fiction"
          },
          "description": {
            "type": "string",
            "description": "The description of this Theme",
            "readOnly": true,
            "example": "Crime fiction is a literary genre that fictionalises crimes, their detection, criminals, and their motives. It is usually distinguished from mainstream fiction and other genres such as historical fiction or science fiction, but the boundaries are indistinct."
          },
          "picture": {
            "type": "string",
            "description": "The path in the server to retrieve the picture representatives of the Theme",
            "readOnly": true,
            "example": "/images/themes/crime_fiction.png"
          }
        }
      },
      "Author": {
        "type": "object",
        "description": "The author object",
        "properties": {
          "authorID": {
            "type": "integer",
            "description": "The identiefier of the Author",
            "readOnly": true,
            "example": 1
          },
          "name": {
            "type": "string",
            "description": "The name of the Author",
            "readOnly": true,
            "example": "Joel"
          },
          "surname": {
            "type": "string",
            "description": "The identiefier of the Author",
            "readOnly": true,
            "example": "Dicker"
          },
          "bio": {
            "type": "string",
            "description": "A brief biography of the Author",
            "readOnly": true,
            "example": "Joël Dicker was born on 16 June 1985 in Geneva, Switzerland. He attended Geneva schools. At the age of 19, he enrolled at the Cours Florent in Paris. After one year he returned to Switzerland to attend law school, where he received his Masters of Law from the University of Geneva in 2010"
          },
          "picture": {
            "type": "string",
            "description": "The path in the server to retrieve the picture representatives of the Author",
            "readOnly": true,
            "example": "/images/authors/joel_dicker.png"
          },
          "backgroundPicture": {
            "type": "string",
            "description": "The path to the author background image",
            "example": "/images/books/joel_dicker-bg.png"
          }
        }
      },
      "Book": {
        "type": "object",
        "description": "The book object which contains all the information about a book",
        "properties": {
          "ISBN": {
            "type": "string",
            "description": "The id of the book using the EAN convention",
            "example": "8845282678"
          },
          "title": {
            "type": "string",
            "description": "The title of the book",
            "readOnly": true,
            "example": "The Truth About the Harry Quebert Affair"
          },
          "picture": {
            "type": "string",
            "description": "The path to the book picture",
            "example": "/images/books/book1.png"
          },
          "backgroundPicture": {
            "type": "string",
            "description": "The path to the book background image",
            "example": "/images/books/book1-bg.png"
          },
          "abstract": {
            "type": "string",
            "description": "An abstract of the book",
            "readOnly": true,
            "example": "The novel is set in a coastal New Hampshire town (called Aurora in the original version and Somerset in the English translation). The protagonist, Marcus Goldman, is a successful young novelist who needs inspiration for his next book. Marcus heads to New Hampshire to stay with his college professor, Harry Quebert, to focus on his writing. When the body of 15-year-old Nola Kellergan is found 33 years after she went missing and Quebert is accused of her murder, Marcus works to uncover the truth. The result of his investigation becomes his next book."
          },
          "interview": {
            "type": "string",
            "description": "A short interview of the book's authors",
            "readOnly": true,
            "example": ""
          },
          "availableQuantity": {
            "type": "integer",
            "description": "The amount of books available in the shop",
            "readOnly": true,
            "minimum": 0,
            "example": 5
          },
          "price": {
            "type": "number",
            "description": "The price of the book, in euros",
            "readOnly": true,
            "minimum": 0,
            "example": 9.99
          },
          "genre": {
            "type": "object",
            "title": "Genre",
            "description": "The most representative elements of a theme",
            "properties": {
              "genreID": {
                "$ref": "#/components/schemas/Genre/properties/genreID"
              },
              "title": {
                "$ref": "#/components/schemas/Genre/properties/title"
              }
            }
          },
          "theme": {
            "type": "array",
            "items": {
              "type": "object",
              "title": "Theme",
              "description": "The most representative elements of a theme",
              "properties": {
                "themeID": {
                  "$ref": "#/components/schemas/Theme/properties/themeID"
                },
                "title": {
                  "$ref": "#/components/schemas/Theme/properties/title"
                }
              }
            }
          }
        }
      },
      "Event": {
        "type": "object",
        "description": "The object which represents an event of the Buk Store",
        "properties": {
          "eventID": {
            "type": "integer",
            "description": "The identifier of the event",
            "readOnly": true,
            "example": 1
          },
          "address": {
            "type": "string",
            "description": "The address where the event will take place",
            "readOnly": true,
            "example": "Viale Romagna, 20133 Milano"
          },
          "latitude": {
            "type": "number",
            "description": "The latitude of the place",
            "readOnly": true,
            "example": 45.4687769
          },
          "longitude": {
            "type": "number",
            "description": "The longitude of the place",
            "readOnly": true,
            "example": 9.2238234
          },
          "eventDate": {
            "type": "string",
            "format": "date",
            "description": "When the event will take place",
            "readOnly": true,
            "example": "2019-04-07"
          },
          "title": {
            "type": "string",
            "description": "The title of the event",
            "readOnly": true,
            "example": "Meet the Author"
          },
          "description": {
            "type": "string",
            "description": "The description of the event",
            "readOnly": true,
            "example": "Meet the Author Joel Dicker at this event"
          },
          "picture": {
            "type": "string",
            "description": "The path to the event picture",
            "readOnly": true,
            "example": "/images/events/prova.jpeg"
          },
          "presentedBook": {
            "$ref": "#/components/schemas/Book/properties/ISBN"
          }
        }
      },
      "Review": {
        "type": "object",
        "description": "The object which represents a review done by a critic",
        "properties": {
          "reviewID": {
            "type": "integer",
            "description": "The identifier of the review",
            "readOnly": true,
            "example": 1
          },
          "title": {
            "type": "string",
            "description": "The title of the review",
            "readOnly": true,
            "example": "A compelling and intriguing read"
          },
          "text": {
            "type": "string",
            "description": "The actual text of the review",
            "readOnly": true,
            "example": "For book lovers The Truth About The Harry Quebert Affair is an ideal read as it is a book about a book about a book.  Marcus Goldman, author and protégé of the famous author Harry Quebert, is the narrator of this book.  We follow him from having had a very successful debut novel, to having writers block, to writing another bestseller about a murder that happened thirty three years ago and where the main suspect is none other that his friend and mentor Harry Quebert.  What is interesting is that the chapters go backwards, from chapter thirty one  to one  which reflects how the story unfolds, gradually going backwards to find out what really happened to Nola Kellergan."
          },
          "ISBN": {
            "$ref": "#/components/schemas/Book/properties/ISBN"
          }
        }
      },
      "User": {
        "type": "object",
        "description": "The object which represents a user inside the application",
        "properties": {
          "userID": {
            "type": "string",
            "description": "The identifier of the user in a UUIDv4 format",
            "readOnly": true,
            "example": "11bf5b37-e0b8-42e0-8dcf-dc8c4aefc000"
          },
          "name": {
            "type": "string",
            "description": "The name of the user",
            "example": "Mario"
          },
          "surname": {
            "type": "string",
            "description": "The surname of the user",
            "example": "Rossi"
          },
          "email": {
            "type": "string",
            "format": "email",
            "description": "The email of the user used to identify him/her",
            "example": "prova@example.com"
          },
          "password": {
            "type": "string",
            "format": "password",
            "description": "The password of the user",
            "writeOnly": true,
            "example": "provaprova"
          },
          "creationDate": {
            "type": "string",
            "format": "date,",
            "description": "A timestamp representing when the account was created",
            "readOnly": true,
            "example": "2019-01-01"
          },
          "lastUpdate": {
            "type": "string",
            "format": "date,",
            "description": "A timestamp representing the last updating on the account",
            "readOnly": true,
            "example": "2019-04-05"
          }
        }
      },
      "Cart": {
        "type": "object",
        "description": "The object which has all the book inside the user's cart",
        "properties": {
          "userID": {
            "$ref": "#/components/schemas/User/properties/userID"
          },
          "books": {
            "type": "array",
            "items": {
              "type": "object",
              "properties": {
                "ISBN": {
                  "$ref": "#/components/schemas/Book/properties/ISBN"
                },
                "title": {
                  "$ref": "#/components/schemas/Book/properties/title"
                },
                "quantity": {
                  "type": "integer",
                  "minimum": 0,
                  "description": "The quantity of the chosen books inside the user's cart",
                  "example": 5
                }
              }
            }
          }
        }
      },
      "Reservation": {
        "type": "object",
        "description": "The object which handles the reservation done by the user",
        "properties": {
          "reservationID": {
            "type": "integer",
            "description": "The identifier of the reservation",
            "example": 97
          },
          "userID": {
            "$ref": "#/components/schemas/User/properties/userID"
          },
          "shippingLocation": {
            "type": "string",
            "description": "The location where the books will be delivered",
            "example": "Piazza Leonardo da Vinci 32"
          },
          "orderDate": {
            "type": "string",
            "format": "date",
            "readOnly": true,
            "description": "When the order was done",
            "example": "2019-04-7"
          },
          "arrivalDate": {
            "type": "string",
            "format": "date",
            "readOnly": true,
            "description": "When the order will be delivered",
            "example": "2019-04-14"
          },
          "books": {
            "type": "array",
            "items": {
              "type": "object",
              "properties": {
                "ISBN": {
                  "$ref": "#/components/schemas/Book/properties/ISBN"
                },
                "title": {
                  "$ref": "#/components/schemas/Book/properties/title"
                },
                "quantity": {
                  "$ref": "#/components/schemas/Cart/properties/books/items/properties/quantity"
                }
              }
            }
          }
        }
      },
      "HomeCarouselObject": {
        "type": "object",
        "description": "Object used to pack the main information on the elements to be shown in the home page carousel",
        "properties": {
          "carouselID": {
            "type": "integer",
            "description": "The identifier of carousel element to be shown",
            "readOnly": true,
            "example": 1
          },
          "ISBN": {
            "$ref": "#/components/schemas/Book/properties/ISBN"
          },
          "authorID": {
            "$ref": "#/components/schemas/Author/properties/authorID"
          },
          "eventID": {
            "$ref": "#/components/schemas/Event/properties/eventID"
          }
        }
      },
      "GenericPage": {
        "type": "object",
        "description": "The object which contains the articles present inside a generic page",
        "properties": {
          "pageID": {
            "type": "integer",
            "description": "The identifier of the page inside the Database",
            "readOnly": true,
            "example": 1
          },
          "pageName": {
            "type": "string",
            "description": "The name of the requested page",
            "readOnly": true,
            "example": "faq"
          },
          "body": {
            "type": "string",
            "description": "The body of the page",
            "readOnly": true
          }
        }
      }
    }
  }
}